,train_loss,valid_loss
0,429.2424954223633,249.65262451171876
1,418.17759674072266,213.84262084960938
2,422.9785807495117,195.85853881835936
3,425.7106326904297,193.51535034179688
4,431.46079705810547,238.14310302734376
