,train_loss,valid_loss
0,3.0824830265045167,2.6987645626068115
1,2.6648180758953095,2.5461590766906737
2,2.523359219789505,2.4077856063842775
3,2.435704322338104,2.3614177227020265
4,2.379330559015274,2.309058094024658
5,2.338067851305008,2.285314846038818
6,2.3099814620018004,2.269741988182068
7,2.287452243804932,2.244430923461914
