,train_loss,valid_loss
0,4.669953715324402,4.595945835113525
1,4.669950837135315,4.595787143707275
2,4.669961981296539,4.595531558990478
3,4.669945405483245,4.595543670654297
4,4.669945898056031,4.595595932006836
5,4.669954121589661,4.595807456970215
6,4.669954910755157,4.595570087432861
7,4.669938961029053,4.595494651794434
8,4.669949824810028,4.595832347869873
9,4.669952192306519,4.595666694641113
